1.wav|A big black bear sat on a big black rug.
2.wav|A rare black swan swim elegantly across the pond.
3.wav|The ice cream melted under the blazing summer sun.
4.wav|The rain in Spain stays mainly in the plane.
5.wav|The gentle home of the bees filled the summer garden.
6.wav|The clock struck midnight marking the start of a new day.
7.wav|Knowledge is the treasure of a wise mind.
8.wav|Snowflakes fell silently, placating the earth and white.
9.wav|The quick brown fox jumps over the lazy dog.
10.wav|The bustling market was alive with the sound of traders and buyers.
11.wav|and owl hooded softly in the dark forest.
12.wav|The violinist played a hauntingly beautiful melody.
13.wav|A journey of a thousand miles begins with a single step.
14.wav|The lighthouse stood steadfast against the crashing waves.
15.wav|The garden blooms with flowers of every color imaginable.
16.wav|Betty bought her bought some butter but she said the butter is better.
17.wav|Little droplets of rain form puddles on the cobblestone street.
18.wav|Beneath the waves, colorful coral reefs team with life.
19.wav|A gentle breeze carried the scent of lavender across the meadow.
20.wav|A curious cat peered out from behind the curtains.
21.wav|Over the hills and far away, the little sheep frolics of day.
22.wav|The echo of footsteps filled the empty hall.
23.wav|A painter's brush captured the beauty of the sunset on canvas.
24.wav|Every morning the rooster crows loudly to wake the farm.
25.wav|The crimson leaves dance gracefully in the autumn breeze.
26.wav|And you imagine, and the Magical Menaceary Manager, Imagine, Magding, and Imaginary Menaceary.
27.wav|In the middle of the desert, there stood a single palm tree.
28.wav|Laughter and joy filled the air at the carnival.
29.wav|Whales, wonder, wondrous waters in the wild winter winds.
30.wav|Tall towers stood solemnly against the twilight.
31.wav|Silent Street Stretch under the shimmering moonlight.
32.wav|The mysterious old mansion creaked with every gust of wind.
33.wav|The lazy cat slept soundly on the warm windowsill.
34.wav|The adventurer explored the depths of the ancient cave.
35.wav|Time flies swiftly when you're having fun.
36.wav|How much wood would a wood chuck chuck if a wood chuck could chuck wood?
37.wav|Peter Piper take the pack of pickled peppers.
38.wav|The wizard waved his wand and cast a powerful spell.
39.wav|A child's laughter is the purest form of joy.
40.wav|Fred fed Ted bread and Ted fed Fred bread.
41.wav|She sells sea shells by the sea shore.
42.wav|The sun rises in the east and sets in the west.
43.wav|The stars sparkled brightly in the midnight sky.
44.wav|The chef cooked a delicious dish of creamy pasta with garlic.
45.wav|The train whistled as it sped past the countryside.
46.wav|6 sleek swans swam swiftly southward
47.wav|Beneath the canopy of stars, they made a wish together.
48.wav|Reading a good book by the fireplace is so relaxing.
49.wav|Unique New York, you need New York, you know you need unique New York.
